sample_id,text
1,Hartview Co is rolling out app to enterprise customers this quarter.
2,The real estate industry saw record growth in export volume last quarter.
3,A team of researchers published findings on fossil record in a peer-reviewed journal.
4,The mayor's office proposed changes to healthcare reform ahead of the election.
5,A new study links better sleep habits to a lower risk of joint pain.
6,Shares of Nexora fell after operating costs missed forecasts.
7,Researchers are testing a treatment for chronic fatigue involving daily walking.
8,Public health officials warn that insomnia cases are rising this season.
9,Critics gave mixed reviews to singer Theo Banks's latest animated special.
10,A breakthrough in materials science could lead to practical uses for exoplanet.
11,Astronomers detected a new mineral deposit using a space-based telescope.
12,Travelers are flocking to Driftwood Bay for its beachfront resorts.
13,director Maya Lin discussed the inspiration behind their new album in an interview.
14,Bridgeline Corp announced a merger that could reshape the automotive sector.
15,Doctors recommend daily walking as part of managing joint pain.
16,Quanta Labs announced it will open-source its laptop battery toolkit.
17,Engineers at Veltrix unveiled a app update focused on accessibility.
18,The Riverside Hawks signed Jamal Carter to a multi-year contract extension.
19,Travelers are flocking to Driftwood Bay for its historic landmarks.
20,The Coastal Titans secured a last-minute win over their Valley Sharks rivals.
21,Shares of Nexora fell after revenue missed forecasts.
22,Negotiations over climate regulations stalled after disagreements between parties.
23,The new stage musical from singer Theo Banks topped the charts in its opening week.
24,A new guide highlights the best national parks to experience in Bellamare.
25,Experts say strength training alone is not enough to prevent anxiety disorders.
26,Reviews praise Calderbrook's local food markets as a top reason to visit.
27,A new poll shows shifting public opinion on tax policy in the western province.
28,Northcairn is seeing a surge in tourism after new beachfront resorts were introduced.
29,Reviews praise Driftwood Bay's museums as a top reason to visit.
30,A clinical trial found that regular exercise reduced symptoms of insomnia in adults.
31,A new guide highlights the best waterfront promenades to experience in Porto Vale.
32,Ticket sales surged ahead of the Valley Sharks versus Lakeside Bears championship game.
33,The latest app update adds AI-assisted voice recognition suggestions.
34,Experts say a Mediterranean diet alone is not enough to prevent anxiety disorders.
35,A team of researchers published findings on exoplanet in a peer-reviewed journal.
36,Airlines added more routes to Lake Senna ahead of the busy season.
37,A clinical trial found that daily walking reduced symptoms of chronic fatigue in adults.
38,Protesters gathered outside the county commission to oppose the immigration policy plan.
39,Engineers at Hartview Co unveiled a laptop update focused on storage.
40,A new study links strength training to a lower risk of heart disease.
41,Travelers are flocking to Driftwood Bay for its local food markets.
42,Nutritionists explain how strength training affects long-term type 2 diabetes risk.
43,A new poll shows shifting public opinion on immigration policy in the border region.
44,Critics gave mixed reviews to showrunner Dana Webb's latest animated special.
45,A new study links a Mediterranean diet to a lower risk of seasonal flu.
46,Voters in the western province will decide on a housing policy measure this fall.
47,A field study tracked gravitational signal patterns over the past decade in neuroscience.
48,The new animated special from producer Alex Kim topped the charts in its opening week.
49,Solara Systems announced it will open-source its app processing speed toolkit.
50,The mayor's office signed an order addressing healthcare reform concerns.
51,A new guide highlights the best hiking trails to experience in Isla Verde.
52,Engineers at Veltrix unveiled a cloud platform update focused on security.
53,A field study tracked fossil record patterns over the past decade in paleontology.
54,Officials clashed over funding for climate regulations during the budget hearing.
55,Eli Robinson scored a career-high total in the Valley Sharks victory.
56,The mayor's office proposed changes to minimum wage ahead of the election.
57,Investors are watching stock buybacks closely ahead of the central bank meeting.
58,Reviews praise Northcairn's historic landmarks as a top reason to visit.
59,Critics gave mixed reviews to showrunner Dana Webb's latest stage musical.
60,Doctors recommend a low-sodium diet as part of managing high blood pressure.
61,"Award nominations were announced, with showrunner Dana Webb's film leading the pack."
62,Funding for materials science research focused on ocean current pattern was increased this year.
63,The Valley Sharks coach defended the team's strategy after the loss to Union Stars.
64,Scientists say the gravitational signal could change how we understand neuroscience.
65,A clinical trial found that reduced screen time reduced symptoms of high blood pressure in adults.
66,Northfield Inc announced it will open-source its smartphone processing speed toolkit.
67,Nutritionists explain how intermittent fasting affects long-term chronic fatigue risk.
68,"Award nominations were announced, with studio Pinegrove's novel adaptation leading the pack."
69,The airline industry saw record growth in revenue last quarter.
70,The documentary starring author R. Castillo broke streaming records over the weekend.
71,Local officials in Northcairn are investing in local food markets for visitors.
72,Reviewers say the app improves accessibility but battery life suffers.
73,Developers are migrating to browser for better storage support.
74,Investors are watching quarterly sales closely ahead of the central bank meeting.
75,The animated special starring comedian Greg Adler broke streaming records over the weekend.
76,Injuries have forced the Coastal Titans to rethink their lineup for the playoffs.
77,The Riverside Hawks signed Sam Whitfield to a multi-year contract extension.
78,Analysts raised their price target for Bridgeline Corp citing strong stock buybacks.
79,Hartview Co announced it will open-source its chip accessibility toolkit.
80,Reviews praise Northcairn's guided tours as a top reason to visit.
81,Engineers at Northfield Inc unveiled a laptop update focused on storage.
82,The federal agency signed an order addressing healthcare reform concerns.
83,The soundtrack for showrunner Dana Webb's album was released ahead of schedule.
84,Northfield Inc announced a merger that could reshape the real estate sector.
85,Engineers at Quanta Labs unveiled a cloud platform update focused on processing speed.
86,"Award nominations were announced, with author R. Castillo's stage musical leading the pack."
87,Experts caution that more data is needed to confirm the exoplanet.
88,Developers are migrating to software suite for better processing speed support.
89,Driftwood Bay introduced new rules affecting museums for tourists.
90,Airlines added more routes to Isla Verde ahead of the busy season.
91,Porto Vale is seeing a surge in tourism after new historic landmarks were introduced.
92,The film starring band The Hollow Pines broke streaming records over the weekend.
93,Eli Robinson scored a career-high total in the Summit Eagles victory.
94,A new poll shows shifting public opinion on minimum wage in the northern district.
95,Porto Vale introduced new rules affecting historic landmarks for tourists.
96,Analysts raised their price target for Veltrix citing strong stock buybacks.
97,Experts caution that more data is needed to confirm the gene variant.
98,The new streaming series from band The Hollow Pines topped the charts in its opening week.
99,The city council proposed changes to healthcare reform ahead of the election.
100,Fans were disappointed after the Lakeside Bears lost to the Summit Eagles at home.
101,A new poll shows shifting public opinion on climate regulations in the western province.
102,Researchers are testing a treatment for heart disease involving reduced screen time.
103,Public health officials warn that seasonal flu cases are rising this season.
104,A breakthrough in neuroscience could lead to practical uses for atmospheric anomaly.
105,Hartview Co is cutting jobs as it restructures around export volume.
106,The new streaming series from singer Theo Banks topped the charts in its opening week.
107,Reviewers say the wearable device improves accessibility but battery life suffers.
108,A team of researchers published findings on mineral deposit in a peer-reviewed journal.
109,The Union Stars secured a last-minute win over their Summit Eagles rivals.
110,Solara Systems announced a merger that could reshape the hospitality sector.
111,A field study tracked gravitational signal patterns over the past decade in geology.
112,Analysts raised their price target for Hartview Co citing strong export volume.
113,Protesters gathered outside the federal agency to oppose the infrastructure spending plan.
114,Fans were disappointed after the Union Stars lost to the Coastal Titans at home.
115,The Northgate Wolves signed Sam Whitfield to a multi-year contract extension.
116,Experts say a low-sodium diet alone is not enough to prevent insomnia.
117,Fans were disappointed after the Harbor City FC lost to the Harbor City FC at home.
118,The manufacturing industry saw record growth in revenue last quarter.
119,band The Hollow Pines discussed the inspiration behind their new stage musical in an interview.
120,Ticket sales surged ahead of the Union Stars versus Riverside Hawks championship game.
121,Solara Systems is cutting jobs as it restructures around revenue.
122,Fans were disappointed after the Northgate Wolves lost to the Summit Eagles at home.
123,Officials clashed over funding for immigration policy during the budget hearing.
124,Developers are migrating to laptop for better processing speed support.
125,Fans were disappointed after the Riverside Hawks lost to the Lakeside Bears at home.
126,studio Pinegrove announced a sequel to their hit novel adaptation.
127,Sam Whitfield was named player of the week following a standout performance.
128,A new guide highlights the best beachfront resorts to experience in Lake Senna.
129,A breakthrough in astrophysics could lead to practical uses for fossil record.
130,singer Theo Banks discussed the inspiration behind their new novel adaptation in an interview.
131,The new novel adaptation from comedian Greg Adler topped the charts in its opening week.
132,Engineers at Hartview Co unveiled a app update focused on voice recognition.
133,A clinical trial found that regular exercise reduced symptoms of seasonal flu in adults.
134,A field study tracked atmospheric anomaly patterns over the past decade in genetics.
135,A security researcher found a flaw in laptop that affects accessibility.
136,Ticket sales surged ahead of the Summit Eagles versus Valley Sharks championship game.
137,The new software suite from Bridgeline Corp promises faster data sync performance.
138,Hospitals report a shortage of staff trained to treat high blood pressure.
139,Doctors recommend strength training as part of managing insomnia.
140,Marrow Tech announced a merger that could reshape the airline sector.
141,Analysts raised their price target for Marrow Tech citing strong profit margins.
142,Small businesses in the manufacturing sector are struggling with rising costs.
143,The Harbor City FC signed Devon Price to a multi-year contract extension.
144,The Riverside Hawks secured a last-minute win over their Northgate Wolves rivals.
145,Travelers are flocking to Isla Verde for its national parks.
146,Experts say a Mediterranean diet alone is not enough to prevent heart disease.
147,Budget travelers are choosing Lake Senna for affordable guided tours.
148,Small businesses in the automotive sector are struggling with rising costs.
149,Public health officials warn that chronic fatigue cases are rising this season.
150,Tyler Banks scored a career-high total in the Union Stars victory.
151,The Union Stars signed Carlos Vega to a multi-year contract extension.
152,The new documentary from showrunner Dana Webb topped the charts in its opening week.
153,Fans reacted to the surprise trailer for director Maya Lin's upcoming novel adaptation.
154,A clinical trial found that intermittent fasting reduced symptoms of joint pain in adults.
155,Funding for climate science research focused on exoplanet was increased this year.
156,Funding for climate science research focused on ocean current pattern was increased this year.
157,Scientists say the gene variant could change how we understand paleontology.
158,The new laptop from Nexora promises faster security performance.
159,The gravitational signal was confirmed by two independent research groups.
160,Injuries have forced the Union Stars to rethink their lineup for the playoffs.
161,The regulatory board proposed changes to healthcare reform ahead of the election.
162,The county commission proposed changes to education funding ahead of the election.
163,The Summit Eagles secured a last-minute win over their Riverside Hawks rivals.
164,Noah Fischer was named player of the week following a standout performance.
165,Small businesses in the hospitality sector are struggling with rising costs.
166,The new laptop from Bridgeline Corp promises faster accessibility performance.
167,Critics gave mixed reviews to comedian Greg Adler's latest documentary.
168,Isla Verde is seeing a surge in tourism after new waterfront promenades were introduced.
169,A security researcher found a flaw in app that affects accessibility.
170,Solara Systems is cutting jobs as it restructures around operating costs.
171,Small businesses in the retail sector are struggling with rising costs.
172,Protesters gathered outside the county commission to oppose the tax policy plan.
173,Protesters gathered outside the senate committee to oppose the housing policy plan.
174,Reviewers say the cloud platform improves processing speed but battery life suffers.
175,Nexora announced a merger that could reshape the airline sector.
176,singer Theo Banks discussed the inspiration behind their new documentary in an interview.
177,Critics gave mixed reviews to director Maya Lin's latest streaming series.
178,The fossil record was confirmed by two independent research groups.
179,Fans were disappointed after the Valley Sharks lost to the Riverside Hawks at home.
180,Quanta Labs reported quarterly earnings that beat analyst expectations on stock buybacks.
181,"Award nominations were announced, with director Maya Lin's documentary leading the pack."
182,Solara Systems is cutting jobs as it restructures around profit margins.
183,author R. Castillo announced a sequel to their hit album.
184,Experts say a Mediterranean diet alone is not enough to prevent seasonal flu.
185,Public health officials warn that type 2 diabetes cases are rising this season.
186,Engineers at Nexora unveiled a chip update focused on camera.
187,studio Pinegrove discussed the inspiration behind their new documentary in an interview.
188,Airlines added more routes to Bellamare ahead of the busy season.
189,Lawmakers debated a new education funding bill in a heated session.
190,A field study tracked atmospheric anomaly patterns over the past decade in marine biology.
191,The ocean current pattern was confirmed by two independent research groups.
192,Astronomers detected a new gene variant using a space-based telescope.
193,Shares of Northfield Inc fell after stock buybacks missed forecasts.
194,The federal agency signed an order addressing immigration policy concerns.
195,A new study links daily walking to a lower risk of type 2 diabetes.
196,A new poll shows shifting public opinion on immigration policy in the capital region.
197,Nexora announced a merger that could reshape the real estate sector.
198,A new study links daily walking to a lower risk of insomnia.
199,A field study tracked gene variant patterns over the past decade in climate science.
200,Investors are watching consumer spending closely ahead of the central bank meeting.
201,The new stage musical from studio Pinegrove topped the charts in its opening week.
202,Astronomers detected a new gravitational signal using a space-based telescope.
203,A breakthrough in materials science could lead to practical uses for fossil record.
204,The state legislature signed an order addressing education funding concerns.
205,Analysts raised their price target for Hartview Co citing strong consumer spending.
206,Reviewers say the browser improves accessibility but battery life suffers.
207,Protesters gathered outside the senate committee to oppose the minimum wage plan.
208,author R. Castillo announced a sequel to their hit streaming series.
209,Hospitals report a shortage of staff trained to treat insomnia.
210,The latest cloud platform update adds AI-assisted battery suggestions.
211,The regulatory board proposed changes to housing policy ahead of the election.
212,A breakthrough in paleontology could lead to practical uses for microbial colony.
213,Veltrix announced a merger that could reshape the retail sector.
214,Doctors recommend daily walking as part of managing chronic fatigue.
215,The Summit Eagles secured a last-minute win over their Summit Eagles rivals.
216,Developers are migrating to chip for better storage support.
217,Hospitals report a shortage of staff trained to treat type 2 diabetes.
218,Bridgeline Corp is rolling out app to enterprise customers this quarter.
219,A new study links a low-sodium diet to a lower risk of chronic fatigue.
220,A new poll shows shifting public opinion on healthcare reform in the western province.
221,Fans were disappointed after the Valley Sharks lost to the Harbor City FC at home.
222,The Union Stars signed Tyler Banks to a multi-year contract extension.
223,A new study links strength training to a lower risk of seasonal flu.
224,Lawmakers debated a new immigration policy bill in a heated session.
225,Local officials in Isla Verde are investing in national parks for visitors.
226,A new guide highlights the best guided tours to experience in Lake Senna.
227,The Coastal Titans coach defended the team's strategy after the loss to Coastal Titans.
228,Funding for neuroscience research focused on exoplanet was increased this year.
229,Researchers are testing a treatment for type 2 diabetes involving strength training.
230,A field study tracked fossil record patterns over the past decade in astrophysics.
231,Researchers are testing a treatment for insomnia involving reduced screen time.
232,A new poll shows shifting public opinion on housing policy in the border region.
233,Injuries have forced the Riverside Hawks to rethink their lineup for the playoffs.
234,A clinical trial found that a Mediterranean diet reduced symptoms of insomnia in adults.
235,A new guide highlights the best beachfront resorts to experience in Porto Vale.
236,Northcairn is seeing a surge in tourism after new hiking trails were introduced.
237,Funding for neuroscience research focused on ocean current pattern was increased this year.
238,Protesters gathered outside the federal agency to oppose the tax policy plan.
239,Veltrix is cutting jobs as it restructures around profit margins.
240,Injuries have forced the Summit Eagles to rethink their lineup for the playoffs.
241,"Award nominations were announced, with showrunner Dana Webb's documentary leading the pack."
242,Scientists say the atmospheric anomaly could change how we understand astrophysics.
243,A breakthrough in marine biology could lead to practical uses for mineral deposit.
244,Critics gave mixed reviews to author R. Castillo's latest film.
245,The real estate industry saw record growth in operating costs last quarter.
246,Ticket sales surged ahead of the Harbor City FC versus Riverside Hawks championship game.
247,Critics gave mixed reviews to producer Alex Kim's latest stage musical.
248,Fans reacted to the surprise trailer for band The Hollow Pines's upcoming stage musical.
249,The Coastal Titans signed Devon Price to a multi-year contract extension.
250,Reviews praise Mount Arden's beachfront resorts as a top reason to visit.
251,Reviews praise Bellamare's local food markets as a top reason to visit.
252,Marrow Tech announced a merger that could reshape the retail sector.
253,The new browser from Marrow Tech promises faster security performance.
254,Investors are watching export volume closely ahead of the central bank meeting.
255,The Northgate Wolves coach defended the team's strategy after the loss to Lakeside Bears.
256,Scientists say the microbial colony could change how we understand paleontology.
257,The Harbor City FC signed Marcus Reed to a multi-year contract extension.
258,Experts caution that more data is needed to confirm the ocean current pattern.
259,Local officials in Porto Vale are investing in historic landmarks for visitors.
260,The new chip from Hartview Co promises faster voice recognition performance.
261,Voters in the northern district will decide on a healthcare reform measure this fall.
262,The Harbor City FC secured a last-minute win over their Union Stars rivals.
263,Calderbrook introduced new rules affecting waterfront promenades for tourists.
264,Negotiations over immigration policy stalled after disagreements between parties.
265,The latest browser update adds AI-assisted data sync suggestions.
266,Nutritionists explain how reduced screen time affects long-term type 2 diabetes risk.
267,Driftwood Bay introduced new rules affecting local food markets for tourists.
268,Hartview Co announced it will open-source its smartphone security toolkit.
269,Porto Vale introduced new rules affecting hiking trails for tourists.
270,Lawmakers debated a new tax policy bill in a heated session.
271,Funding for neuroscience research focused on mineral deposit was increased this year.
272,The retail industry saw record growth in export volume last quarter.
273,The new browser from Marrow Tech promises faster camera performance.
274,Shares of Solara Systems fell after operating costs missed forecasts.
275,producer Alex Kim discussed the inspiration behind their new stage musical in an interview.
276,A new study links reduced screen time to a lower risk of anxiety disorders.
277,Airlines added more routes to Calderbrook ahead of the busy season.
278,The new wearable device from Nexora promises faster security performance.
279,Negotiations over infrastructure spending stalled after disagreements between parties.
280,Fans reacted to the surprise trailer for author R. Castillo's upcoming streaming series.
281,The senate committee proposed changes to minimum wage ahead of the election.
282,The latest chip update adds AI-assisted battery suggestions.
283,director Maya Lin discussed the inspiration behind their new novel adaptation in an interview.
284,The gene variant was confirmed by two independent research groups.
285,Lawmakers debated a new healthcare reform bill in a heated session.
286,Lake Senna introduced new rules affecting historic landmarks for tourists.
287,A security researcher found a flaw in browser that affects voice recognition.
288,Astronomers detected a new ocean current pattern using a space-based telescope.
289,A new poll shows shifting public opinion on education funding in the western province.
290,The Lakeside Bears coach defended the team's strategy after the loss to Riverside Hawks.
291,The soundtrack for studio Pinegrove's video game was released ahead of schedule.
292,producer Alex Kim announced a sequel to their hit film.
293,Reviews praise Porto Vale's museums as a top reason to visit.
294,Public health officials warn that anxiety disorders cases are rising this season.
295,The state legislature proposed changes to tax policy ahead of the election.
296,Fans were disappointed after the Summit Eagles lost to the Coastal Titans at home.
297,Doctors recommend daily walking as part of managing type 2 diabetes.
298,The Coastal Titans coach defended the team's strategy after the loss to Valley Sharks.
299,Critics gave mixed reviews to band The Hollow Pines's latest animated special.
300,The latest app update adds AI-assisted battery suggestions.
301,A new poll shows shifting public opinion on housing policy in the western province.
302,The city council signed an order addressing climate regulations concerns.
303,The mayor's office proposed changes to education funding ahead of the election.
304,Investors are watching revenue closely ahead of the central bank meeting.
305,A team of researchers published findings on microbial colony in a peer-reviewed journal.
306,Isla Verde introduced new rules affecting guided tours for tourists.
307,A field study tracked fossil record patterns over the past decade in genetics.
308,The manufacturing industry saw record growth in export volume last quarter.
309,The new video game from studio Pinegrove topped the charts in its opening week.
310,Voters in the southern district will decide on a healthcare reform measure this fall.
311,Analysts raised their price target for Quanta Labs citing strong profit margins.
312,Reviewers say the cloud platform improves voice recognition but battery life suffers.
313,"Award nominations were announced, with singer Theo Banks's album leading the pack."
314,Critics gave mixed reviews to singer Theo Banks's latest video game.
315,The senate committee proposed changes to climate regulations ahead of the election.
316,Voters in the central valley will decide on a infrastructure spending measure this fall.
317,Devon Price was named player of the week following a standout performance.
318,A field study tracked atmospheric anomaly patterns over the past decade in astrophysics.
319,Public health officials warn that heart disease cases are rising this season.
320,Analysts raised their price target for Northfield Inc citing strong stock buybacks.
321,Shares of Nexora fell after export volume missed forecasts.
322,Small businesses in the agriculture sector are struggling with rising costs.
323,Lake Senna introduced new rules affecting hiking trails for tourists.
324,Veltrix announced a merger that could reshape the real estate sector.
325,The mayor's office proposed changes to immigration policy ahead of the election.
326,Scientists say the ocean current pattern could change how we understand astrophysics.
327,The new animated special from comedian Greg Adler topped the charts in its opening week.
328,The soundtrack for band The Hollow Pines's documentary was released ahead of schedule.
329,Fans were disappointed after the Harbor City FC lost to the Lakeside Bears at home.
330,Bridgeline Corp is cutting jobs as it restructures around consumer spending.
331,Reviews praise Lake Senna's beachfront resorts as a top reason to visit.
332,A new poll shows shifting public opinion on infrastructure spending in the capital region.
333,Researchers are testing a treatment for seasonal flu involving reduced screen time.
334,Analysts raised their price target for Bridgeline Corp citing strong profit margins.
335,The Riverside Hawks coach defended the team's strategy after the loss to Union Stars.
336,Reviews praise Lake Senna's guided tours as a top reason to visit.
337,A new study links a low-sodium diet to a lower risk of insomnia.
338,studio Pinegrove discussed the inspiration behind their new film in an interview.
339,Budget travelers are choosing Bellamare for affordable beachfront resorts.
340,Travelers are flocking to Isla Verde for its hiking trails.
341,Budget travelers are choosing Calderbrook for affordable beachfront resorts.
342,Funding for geology research focused on fossil record was increased this year.
343,Quanta Labs reported quarterly earnings that beat analyst expectations on operating costs.
344,studio Pinegrove discussed the inspiration behind their new animated special in an interview.
345,The latest chip update adds AI-assisted security suggestions.
346,Developers are migrating to wearable device for better storage support.
347,The logistics industry saw record growth in revenue last quarter.
348,Ticket sales surged ahead of the Summit Eagles versus Lakeside Bears championship game.
349,The animated special starring studio Pinegrove broke streaming records over the weekend.
350,The microbial colony was confirmed by two independent research groups.
351,The Harbor City FC secured a last-minute win over their Summit Eagles rivals.
352,A security researcher found a flaw in smartphone that affects battery.
353,Nutritionists explain how reduced screen time affects long-term heart disease risk.
354,Engineers at Nexora unveiled a browser update focused on processing speed.
355,Hospitals report a shortage of staff trained to treat heart disease.
356,Developers are migrating to cloud platform for better accessibility support.
357,Analysts raised their price target for Solara Systems citing strong operating costs.
358,Protesters gathered outside the state legislature to oppose the healthcare reform plan.
359,Ticket sales surged ahead of the Northgate Wolves versus Lakeside Bears championship game.
360,Voters in the capital region will decide on a education funding measure this fall.
361,Local officials in Porto Vale are investing in national parks for visitors.
362,Funding for astrophysics research focused on exoplanet was increased this year.
363,The Coastal Titans secured a last-minute win over their Lakeside Bears rivals.
364,Negotiations over education funding stalled after disagreements between parties.
365,Critics gave mixed reviews to producer Alex Kim's latest documentary.
366,Fans reacted to the surprise trailer for band The Hollow Pines's upcoming video game.
367,Airlines added more routes to Northcairn ahead of the busy season.
368,A new study links regular exercise to a lower risk of seasonal flu.
369,Local officials in Porto Vale are investing in guided tours for visitors.
370,A new poll shows shifting public opinion on education funding in the capital region.
371,Solara Systems announced it will open-source its chip processing speed toolkit.
372,Bridgeline Corp announced it will open-source its chip camera toolkit.
373,The latest software suite update adds AI-assisted camera suggestions.
374,The new novel adaptation from author R. Castillo topped the charts in its opening week.
375,Doctors recommend intermittent fasting as part of managing joint pain.
376,Porto Vale is seeing a surge in tourism after new guided tours were introduced.
377,The new software suite from Hartview Co promises faster data sync performance.
378,Nutritionists explain how daily walking affects long-term type 2 diabetes risk.
379,Hospitals report a shortage of staff trained to treat chronic fatigue.
380,"Award nominations were announced, with director Maya Lin's streaming series leading the pack."
381,Experts say reduced screen time alone is not enough to prevent high blood pressure.
382,Reviewers say the browser improves security but battery life suffers.
383,A clinical trial found that daily walking reduced symptoms of anxiety disorders in adults.
384,The new wearable device from Hartview Co promises faster voice recognition performance.
385,Experts caution that more data is needed to confirm the microbial colony.
386,The Valley Sharks coach defended the team's strategy after the loss to Northgate Wolves.
387,Devon Price scored a career-high total in the Valley Sharks victory.
388,A security researcher found a flaw in wearable device that affects camera.
389,The Harbor City FC coach defended the team's strategy after the loss to Summit Eagles.
390,Protesters gathered outside the state legislature to oppose the minimum wage plan.
391,A field study tracked ocean current pattern patterns over the past decade in paleontology.
392,A team of researchers published findings on gravitational signal in a peer-reviewed journal.
393,Engineers at Hartview Co unveiled a wearable device update focused on processing speed.
394,Hartview Co announced a merger that could reshape the manufacturing sector.
395,Reviewers say the software suite improves battery but battery life suffers.
396,Officials clashed over funding for infrastructure spending during the budget hearing.
397,The documentary starring studio Pinegrove broke streaming records over the weekend.
398,Quanta Labs reported quarterly earnings that beat analyst expectations on consumer spending.
399,The atmospheric anomaly was confirmed by two independent research groups.
400,The state legislature signed an order addressing infrastructure spending concerns.
401,Northfield Inc reported quarterly earnings that beat analyst expectations on operating costs.
402,Researchers are testing a treatment for anxiety disorders involving regular exercise.
403,Lawmakers debated a new infrastructure spending bill in a heated session.
404,Officials clashed over funding for education funding during the budget hearing.
405,The new cloud platform from Hartview Co promises faster security performance.
406,Solara Systems announced it will open-source its laptop storage toolkit.
407,The Lakeside Bears secured a last-minute win over their Riverside Hawks rivals.
408,The Lakeside Bears secured a last-minute win over their Harbor City FC rivals.
409,Funding for genetics research focused on gravitational signal was increased this year.
410,Small businesses in the logistics sector are struggling with rising costs.
411,The new wearable device from Nexora promises faster camera performance.
412,band The Hollow Pines discussed the inspiration behind their new album in an interview.
413,comedian Greg Adler announced a sequel to their hit stage musical.
414,The automotive industry saw record growth in operating costs last quarter.
415,Negotiations over healthcare reform stalled after disagreements between parties.
416,Budget travelers are choosing Isla Verde for affordable museums.
417,The new laptop from Marrow Tech promises faster accessibility performance.
418,Analysts raised their price target for Quanta Labs citing strong export volume.
419,"Award nominations were announced, with comedian Greg Adler's novel adaptation leading the pack."
420,Funding for climate science research focused on fossil record was increased this year.
421,A clinical trial found that daily walking reduced symptoms of high blood pressure in adults.
422,Doctors recommend a low-sodium diet as part of managing type 2 diabetes.
423,The new film from director Maya Lin topped the charts in its opening week.
424,A security researcher found a flaw in cloud platform that affects battery.
425,Travelers are flocking to Porto Vale for its museums.
426,Lawmakers debated a new housing policy bill in a heated session.
427,Funding for geology research focused on microbial colony was increased this year.
428,Reviewers say the app improves security but battery life suffers.
429,The new wearable device from Marrow Tech promises faster security performance.
430,Reviews praise Driftwood Bay's historic landmarks as a top reason to visit.
431,Isla Verde introduced new rules affecting museums for tourists.
432,Bridgeline Corp announced a merger that could reshape the agriculture sector.
433,A new guide highlights the best museums to experience in Isla Verde.
434,Small businesses in the real estate sector are struggling with rising costs.
435,Budget travelers are choosing Calderbrook for affordable local food markets.
436,Ticket sales surged ahead of the Summit Eagles versus Coastal Titans championship game.
437,Veltrix is rolling out wearable device to enterprise customers this quarter.
438,Voters in the western province will decide on a climate regulations measure this fall.
439,Scientists say the microbial colony could change how we understand geology.
440,Nexora reported quarterly earnings that beat analyst expectations on stock buybacks.
441,Calderbrook is seeing a surge in tourism after new waterfront promenades were introduced.
442,The governor's office proposed changes to education funding ahead of the election.
443,Voters in the coastal counties will decide on a healthcare reform measure this fall.
444,Developers are migrating to cloud platform for better battery support.
445,Engineers at Nexora unveiled a wearable device update focused on voice recognition.
446,A clinical trial found that a low-sodium diet reduced symptoms of insomnia in adults.
447,Travelers are flocking to Isla Verde for its guided tours.
448,Critics gave mixed reviews to band The Hollow Pines's latest video game.
449,A clinical trial found that strength training reduced symptoms of seasonal flu in adults.
450,The regulatory board signed an order addressing infrastructure spending concerns.
451,comedian Greg Adler discussed the inspiration behind their new documentary in an interview.
452,Officials clashed over funding for tax policy during the budget hearing.
453,Lake Senna introduced new rules affecting waterfront promenades for tourists.
454,director Maya Lin announced a sequel to their hit animated special.
455,Funding for geology research focused on gene variant was increased this year.
456,A clinical trial found that intermittent fasting reduced symptoms of heart disease in adults.
457,Funding for materials science research focused on atmospheric anomaly was increased this year.
458,Investors are watching profit margins closely ahead of the central bank meeting.
459,The city council signed an order addressing housing policy concerns.
460,Tyler Banks scored a career-high total in the Summit Eagles victory.
461,Budget travelers are choosing Driftwood Bay for affordable national parks.
462,studio Pinegrove announced a sequel to their hit album.
463,Astronomers detected a new exoplanet using a space-based telescope.
464,Engineers at Bridgeline Corp unveiled a cloud platform update focused on accessibility.
465,Experts caution that more data is needed to confirm the fossil record.
466,Veltrix announced it will open-source its app data sync toolkit.
467,The soundtrack for director Maya Lin's streaming series was released ahead of schedule.
468,Experts say a low-sodium diet alone is not enough to prevent chronic fatigue.
469,Experts say daily walking alone is not enough to prevent anxiety disorders.
470,The senate committee proposed changes to infrastructure spending ahead of the election.
471,Researchers are testing a treatment for type 2 diabetes involving regular exercise.
472,The city council signed an order addressing healthcare reform concerns.
473,Travelers are flocking to Mount Arden for its museums.
474,Funding for marine biology research focused on atmospheric anomaly was increased this year.
475,A team of researchers published findings on atmospheric anomaly in a peer-reviewed journal.
476,Researchers are testing a treatment for seasonal flu involving intermittent fasting.
477,Nutritionists explain how regular exercise affects long-term joint pain risk.
478,Critics gave mixed reviews to showrunner Dana Webb's latest novel adaptation.
479,Marrow Tech is cutting jobs as it restructures around operating costs.
480,Budget travelers are choosing Porto Vale for affordable guided tours.
481,The automotive industry saw record growth in revenue last quarter.
482,A field study tracked atmospheric anomaly patterns over the past decade in paleontology.
483,Engineers at Northfield Inc unveiled a smartphone update focused on storage.
484,Carlos Vega scored a career-high total in the Lakeside Bears victory.
485,Lake Senna is seeing a surge in tourism after new beachfront resorts were introduced.
486,Doctors recommend a low-sodium diet as part of managing chronic fatigue.
487,Local officials in Bellamare are investing in historic landmarks for visitors.
488,Carlos Vega scored a career-high total in the Valley Sharks victory.
489,Astronomers detected a new atmospheric anomaly using a space-based telescope.
490,Travelers are flocking to Bellamare for its waterfront promenades.
491,The regulatory board signed an order addressing education funding concerns.
492,Developers are migrating to cloud platform for better voice recognition support.
493,Porto Vale is seeing a surge in tourism after new hiking trails were introduced.
494,Nutritionists explain how a low-sodium diet affects long-term heart disease risk.
495,The Valley Sharks signed Tyler Banks to a multi-year contract extension.
496,The real estate industry saw record growth in quarterly sales last quarter.
497,The Northgate Wolves signed Devon Price to a multi-year contract extension.
498,Protesters gathered outside the state legislature to oppose the immigration policy plan.
499,Local officials in Driftwood Bay are investing in historic landmarks for visitors.
500,Engineers at Veltrix unveiled a software suite update focused on camera.
501,"Award nominations were announced, with showrunner Dana Webb's streaming series leading the pack."
502,Doctors recommend regular exercise as part of managing high blood pressure.
503,The hospitality industry saw record growth in operating costs last quarter.
504,Travelers are flocking to Driftwood Bay for its hiking trails.
505,A new poll shows shifting public opinion on minimum wage in the border region.
506,A breakthrough in astrophysics could lead to practical uses for atmospheric anomaly.
507,Engineers at Veltrix unveiled a cloud platform update focused on processing speed.
508,Doctors recommend intermittent fasting as part of managing anxiety disorders.
509,A breakthrough in paleontology could lead to practical uses for mineral deposit.
510,Noah Fischer scored a career-high total in the Summit Eagles victory.
511,Budget travelers are choosing Porto Vale for affordable hiking trails.
512,The governor's office proposed changes to minimum wage ahead of the election.
513,Nutritionists explain how better sleep habits affects long-term type 2 diabetes risk.
514,The Summit Eagles secured a last-minute win over their Lakeside Bears rivals.
515,Ticket sales surged ahead of the Coastal Titans versus Union Stars championship game.
516,Fans were disappointed after the Summit Eagles lost to the Lakeside Bears at home.
517,A field study tracked ocean current pattern patterns over the past decade in materials science.
518,Officials clashed over funding for housing policy during the budget hearing.
519,Nexora reported quarterly earnings that beat analyst expectations on operating costs.
520,The Lakeside Bears signed Noah Fischer to a multi-year contract extension.
521,Hospitals report a shortage of staff trained to treat anxiety disorders.
522,Critics gave mixed reviews to singer Theo Banks's latest streaming series.
523,Travelers are flocking to Porto Vale for its waterfront promenades.
524,Ticket sales surged ahead of the Northgate Wolves versus Summit Eagles championship game.
525,Budget travelers are choosing Porto Vale for affordable local food markets.
526,A new guide highlights the best historic landmarks to experience in Calderbrook.
527,Nexora is cutting jobs as it restructures around consumer spending.
528,Experts say better sleep habits alone is not enough to prevent heart disease.
529,A new guide highlights the best beachfront resorts to experience in Driftwood Bay.
530,Astronomers detected a new fossil record using a space-based telescope.
531,The streaming series starring band The Hollow Pines broke streaming records over the weekend.
532,A clinical trial found that regular exercise reduced symptoms of heart disease in adults.
533,Budget travelers are choosing Northcairn for affordable waterfront promenades.
534,Marcus Reed was named player of the week following a standout performance.
535,Analysts raised their price target for Marrow Tech citing strong stock buybacks.
536,band The Hollow Pines discussed the inspiration behind their new video game in an interview.
537,The film starring director Maya Lin broke streaming records over the weekend.
538,The Coastal Titans secured a last-minute win over their Coastal Titans rivals.
539,Engineers at Hartview Co unveiled a cloud platform update focused on voice recognition.
540,Quanta Labs is cutting jobs as it restructures around subscriber growth.
541,Sam Whitfield scored a career-high total in the Lakeside Bears victory.
542,A breakthrough in geology could lead to practical uses for ocean current pattern.
543,A breakthrough in astrophysics could lead to practical uses for gene variant.
544,The Valley Sharks secured a last-minute win over their Valley Sharks rivals.
545,Shares of Bridgeline Corp fell after quarterly sales missed forecasts.
546,The mineral deposit was confirmed by two independent research groups.
547,Shares of Hartview Co fell after revenue missed forecasts.
548,A team of researchers published findings on gene variant in a peer-reviewed journal.
549,Marrow Tech is cutting jobs as it restructures around profit margins.
550,Engineers at Solara Systems unveiled a app update focused on storage.
551,Jamal Carter was named player of the week following a standout performance.
552,The soundtrack for director Maya Lin's video game was released ahead of schedule.
553,The logistics industry saw record growth in consumer spending last quarter.
554,The state legislature proposed changes to education funding ahead of the election.
555,A new study links a low-sodium diet to a lower risk of joint pain.
556,A breakthrough in genetics could lead to practical uses for ocean current pattern.
557,Jamal Carter scored a career-high total in the Valley Sharks victory.
558,"Award nominations were announced, with showrunner Dana Webb's novel adaptation leading the pack."
559,showrunner Dana Webb announced a sequel to their hit streaming series.
560,A field study tracked fossil record patterns over the past decade in materials science.
